"OldRel","NewRel","OldUrlPath","NewUrlPath","TimeSource","HashSource"
"images/202206211335366.png","images/20220621133536600-5e95cd53550aa36feb71adcca0f0151e.png","images/202206211335366.png","images/20220621133536600-5e95cd53550aa36feb71adcca0f0151e.png","compact-name","md5"
"images/202207141049167.png","images/20220714104916700-bdf5a10c8e325d0862db7ee376042073.png","images/202207141049167.png","images/20220714104916700-bdf5a10c8e325d0862db7ee376042073.png","compact-name","md5"
"images/2023/08/14/14-58-51-900b40dc944a88d504b5295c346ebd7d-image-20230814145850377-b57c7e.png","images/20230814145850377-900b40dc944a88d504b5295c346ebd7d.png","images/2023/08/14/14-58-51-900b40dc944a88d504b5295c346ebd7d-image-20230814145850377-b57c7e.png","images/20230814145850377-900b40dc944a88d504b5295c346ebd7d.png","path-name","name"
"images/2023/11/18/13-14-31-c31312eeced9db0711b8cea7071fb710-vzacqaent9-3c7a74.png","images/20231118131431000-c31312eeced9db0711b8cea7071fb710.png","images/2023/11/18/13-14-31-c31312eeced9db0711b8cea7071fb710-vzacqaent9-3c7a74.png","images/20231118131431000-c31312eeced9db0711b8cea7071fb710.png","path-name","name"
"images/2023/11/19/16-03-46-0762ba419b713fb9117c541a06bab49b-04-20220305234747840-4a2218.png","images/20220305234747840-0762ba419b713fb9117c541a06bab49b.png","images/2023/11/19/16-03-46-0762ba419b713fb9117c541a06bab49b-04-20220305234747840-4a2218.png","images/20220305234747840-0762ba419b713fb9117c541a06bab49b.png","path-name","name"
"images/2023/11/19/16-07-59-f12833b236099a6cb64abf65ebc15a52-03-c7f67b.png","images/20231119160759000-f12833b236099a6cb64abf65ebc15a52.png","images/2023/11/19/16-07-59-f12833b236099a6cb64abf65ebc15a52-03-c7f67b.png","images/20231119160759000-f12833b236099a6cb64abf65ebc15a52.png","path-name","name"
"images/2023/11/19/16-09-06-0ce2f0e69513a5f67a3d432089409f9b-01-20220305234816065-7f06a8.png","images/20220305234816065-0ce2f0e69513a5f67a3d432089409f9b.png","images/2023/11/19/16-09-06-0ce2f0e69513a5f67a3d432089409f9b-01-20220305234816065-7f06a8.png","images/20220305234816065-0ce2f0e69513a5f67a3d432089409f9b.png","path-name","name"
"images/2023/11/19/18-19-41-c8dc6b659c2d9346788fd9e3b460cfe2-trans_visible-048192c5-445c0f.png","images/20231119181941000-c8dc6b659c2d9346788fd9e3b460cfe2.png","images/2023/11/19/18-19-41-c8dc6b659c2d9346788fd9e3b460cfe2-trans_visible-048192c5-445c0f.png","images/20231119181941000-c8dc6b659c2d9346788fd9e3b460cfe2.png","path-name","name"
"images/2023/11/19/18-36-42-70bc2deb912f6794fafeb800cc5c4f15-8778836b-34a8-480b-b8c7-654fe207a8c2-3d84010e-b60f7f.png","images/20231119183642000-70bc2deb912f6794fafeb800cc5c4f15.png","images/2023/11/19/18-36-42-70bc2deb912f6794fafeb800cc5c4f15-8778836b-34a8-480b-b8c7-654fe207a8c2-3d84010e-b60f7f.png","images/20231119183642000-70bc2deb912f6794fafeb800cc5c4f15.png","path-name","name"
"images/2023/11/20/11-12-13-45f6e221dd0ae5a8500b48e365ab9737-2546231-20211217170154521-259086930-1381aa.png","images/20211217170154521-45f6e221dd0ae5a8500b48e365ab9737.png","images/2023/11/20/11-12-13-45f6e221dd0ae5a8500b48e365ab9737-2546231-20211217170154521-259086930-1381aa.png","images/20211217170154521-45f6e221dd0ae5a8500b48e365ab9737.png","path-name","name"
"images/2023/11/20/11-25-19-d20ffbb3abb52476d66db9806a041a8e-krabjcmjoqklg_639811b93aea4aa3be5328026c086edf-19fd14.png","images/20231120112519000-d20ffbb3abb52476d66db9806a041a8e.png","images/2023/11/20/11-25-19-d20ffbb3abb52476d66db9806a041a8e-krabjcmjoqklg_639811b93aea4aa3be5328026c086edf-19fd14.png","images/20231120112519000-d20ffbb3abb52476d66db9806a041a8e.png","path-name","name"
"images/2023/11/20/13-12-05-9d35c155228183974ea8dbc66eb8d469-a4440f0d572612e0832b903e4a62bd2b-d22ef0.png","images/20231120131205000-9d35c155228183974ea8dbc66eb8d469.png","images/2023/11/20/13-12-05-9d35c155228183974ea8dbc66eb8d469-a4440f0d572612e0832b903e4a62bd2b-d22ef0.png","images/20231120131205000-9d35c155228183974ea8dbc66eb8d469.png","path-name","name"
"images/2023/11/20/13-13-19-18cf815321edadc385b82c048acf67e9-2ee2280e9f59b6b4879ebdec6eb0cf52-c0dcec.png","images/20231120131319000-18cf815321edadc385b82c048acf67e9.png","images/2023/11/20/13-13-19-18cf815321edadc385b82c048acf67e9-2ee2280e9f59b6b4879ebdec6eb0cf52-c0dcec.png","images/20231120131319000-18cf815321edadc385b82c048acf67e9.png","path-name","name"
"images/2023/11/20/13-32-04-2f3635a00d62892237b2c3520c4b7fd7-image-20231120132943961-f07697.png","images/20231120132943961-2f3635a00d62892237b2c3520c4b7fd7.png","images/2023/11/20/13-32-04-2f3635a00d62892237b2c3520c4b7fd7-image-20231120132943961-f07697.png","images/20231120132943961-2f3635a00d62892237b2c3520c4b7fd7.png","path-name","name"
"images/2023/11/23/13-57-06-bdd7ae2c02d6bcca3363a733bb319fc7-16102749464329-631c9c.jpg","images/20231123135706000-bdd7ae2c02d6bcca3363a733bb319fc7.jpg","images/2023/11/23/13-57-06-bdd7ae2c02d6bcca3363a733bb319fc7-16102749464329-631c9c.jpg","images/20231123135706000-bdd7ae2c02d6bcca3363a733bb319fc7.jpg","path-name","name"
"images/2023/11/23/18-28-52-75dfeeb775de6384cb85746c387501aa-26a16oglz0-3f2a33.png","images/20231123182852000-75dfeeb775de6384cb85746c387501aa.png","images/2023/11/23/18-28-52-75dfeeb775de6384cb85746c387501aa-26a16oglz0-3f2a33.png","images/20231123182852000-75dfeeb775de6384cb85746c387501aa.png","path-name","name"
"images/2023/12/01/10-41-40-01ea6c3454169e12c6ab3ff42a683a45-5e0670114b787860bd190fab3ad91629-6c1306.png","images/20231201104140000-01ea6c3454169e12c6ab3ff42a683a45.png","images/2023/12/01/10-41-40-01ea6c3454169e12c6ab3ff42a683a45-5e0670114b787860bd190fab3ad91629-6c1306.png","images/20231201104140000-01ea6c3454169e12c6ab3ff42a683a45.png","path-name","name"
"images/2023/12/03/12-51-55-12bc086f978d4c42f7d174a19c5edcd9-a48747e8d04d4d7fa69692f875d132cetplv-k3u1fbpfcp-zoom-in-crop-mark1512000-608699.webp","images/20231203125155000-12bc086f978d4c42f7d174a19c5edcd9.webp","images/2023/12/03/12-51-55-12bc086f978d4c42f7d174a19c5edcd9-a48747e8d04d4d7fa69692f875d132cetplv-k3u1fbpfcp-zoom-in-crop-mark1512000-608699.webp","images/20231203125155000-12bc086f978d4c42f7d174a19c5edcd9.webp","path-name","name"
"images/2023/12/04/08-43-13-c012cc97dbe5946eb467715bb0b544b7-webp-0b9a3c.webp","images/20231204084313000-c012cc97dbe5946eb467715bb0b544b7.webp","images/2023/12/04/08-43-13-c012cc97dbe5946eb467715bb0b544b7-webp-0b9a3c.webp","images/20231204084313000-c012cc97dbe5946eb467715bb0b544b7.webp","path-name","name"
"images/2023/12/04/08-58-23-dc3bb2b684d8da2c4563c7d30d8ee03a-cb88aec06f774e67afb7a836fa4c0814-f93add.png","images/20231204085823000-dc3bb2b684d8da2c4563c7d30d8ee03a.png","images/2023/12/04/08-58-23-dc3bb2b684d8da2c4563c7d30d8ee03a-cb88aec06f774e67afb7a836fa4c0814-f93add.png","images/20231204085823000-dc3bb2b684d8da2c4563c7d30d8ee03a.png","path-name","name"
"images/2023/12/04/08-58-53-64320d6627c15b904a08fb09e008ca98-e37690e089694337b74c2b63c3ca4b7a-cb067c.png","images/20231204085853000-64320d6627c15b904a08fb09e008ca98.png","images/2023/12/04/08-58-53-64320d6627c15b904a08fb09e008ca98-e37690e089694337b74c2b63c3ca4b7a-cb067c.png","images/20231204085853000-64320d6627c15b904a08fb09e008ca98.png","path-name","name"
"images/2023/12/04/09-13-35-ad987edd92f6bcdb818e84ebc0079e06-5f27302fc1fc26bba4bc0cde5dce8fdd-0bff0b.png","images/20231204091335000-ad987edd92f6bcdb818e84ebc0079e06.png","images/2023/12/04/09-13-35-ad987edd92f6bcdb818e84ebc0079e06-5f27302fc1fc26bba4bc0cde5dce8fdd-0bff0b.png","images/20231204091335000-ad987edd92f6bcdb818e84ebc0079e06.png","path-name","name"
"images/2023/12/19/21-53-59-2d68697674d2638ea559afe7c2e14b19-bVcHVEm-8572a0.png","images/20231219215359000-2d68697674d2638ea559afe7c2e14b19.png","images/2023/12/19/21-53-59-2d68697674d2638ea559afe7c2e14b19-bVcHVEm-8572a0.png","images/20231219215359000-2d68697674d2638ea559afe7c2e14b19.png","path-name","name"
"images/2023/12/19/23-00-37-e74684a817cdf3ed8a83b52582685213-6f0ab40396b7fc2c15e6f4487d3a0ad7-20230309232240301-cc1dd8.png","images/20230309232240301-e74684a817cdf3ed8a83b52582685213.png","images/2023/12/19/23-00-37-e74684a817cdf3ed8a83b52582685213-6f0ab40396b7fc2c15e6f4487d3a0ad7-20230309232240301-cc1dd8.png","images/20230309232240301-e74684a817cdf3ed8a83b52582685213.png","path-name","name"
"images/2023/12/19/23-01-32-ecf0b4a94c44059c1d4d611c7d692c11-4eeef4dd1bedd2ffe0b84d4eaa0dbdea-20230309232249413-289b06.png","images/20230309232249413-ecf0b4a94c44059c1d4d611c7d692c11.png","images/2023/12/19/23-01-32-ecf0b4a94c44059c1d4d611c7d692c11-4eeef4dd1bedd2ffe0b84d4eaa0dbdea-20230309232249413-289b06.png","images/20230309232249413-ecf0b4a94c44059c1d4d611c7d692c11.png","path-name","name"
"images/2023/12/19/23-03-07-37d5d0b39dc5dff24efeaa29523790ef-98987d9417b2bab43087f45fc959d32a-20230309232253633-635bad.png","images/20230309232253633-37d5d0b39dc5dff24efeaa29523790ef.png","images/2023/12/19/23-03-07-37d5d0b39dc5dff24efeaa29523790ef-98987d9417b2bab43087f45fc959d32a-20230309232253633-635bad.png","images/20230309232253633-37d5d0b39dc5dff24efeaa29523790ef.png","path-name","name"
"images/2023/12/19/23-13-08-861cbfd94a026b1169e250761199e7ef-f67379b60d151262753fec3b817b8617-20230309232312657-e4e475.jpeg","images/20230309232312657-861cbfd94a026b1169e250761199e7ef.jpeg","images/2023/12/19/23-13-08-861cbfd94a026b1169e250761199e7ef-f67379b60d151262753fec3b817b8617-20230309232312657-e4e475.jpeg","images/20230309232312657-861cbfd94a026b1169e250761199e7ef.jpeg","path-name","name"
"images/2023/12/19/23-18-43-c1008a42a70f46a772193e7af381c63a-2b7231b6aabb9a9a2e2390ab3a280b2d-48ad5a.png","images/20231219231843000-c1008a42a70f46a772193e7af381c63a.png","images/2023/12/19/23-18-43-c1008a42a70f46a772193e7af381c63a-2b7231b6aabb9a9a2e2390ab3a280b2d-48ad5a.png","images/20231219231843000-c1008a42a70f46a772193e7af381c63a.png","path-name","name"
"images/2023/12/19/23-20-05-63e41433c2473361c219f95db9c03ba4-26f88373d8454682b9e0c1d4fd1611b4-02d197.png","images/20231219232005000-63e41433c2473361c219f95db9c03ba4.png","images/2023/12/19/23-20-05-63e41433c2473361c219f95db9c03ba4-26f88373d8454682b9e0c1d4fd1611b4-02d197.png","images/20231219232005000-63e41433c2473361c219f95db9c03ba4.png","path-name","name"
"images/2023/12/19/23-26-26-4cf76eaed6c87ea5d9aebc8d14081a5f-定时删除流程-726ed7.jpg","images/20231219232626000-4cf76eaed6c87ea5d9aebc8d14081a5f.jpg","images/2023/12/19/23-26-26-4cf76eaed6c87ea5d9aebc8d14081a5f-定时删除流程-726ed7.jpg","images/20231219232626000-4cf76eaed6c87ea5d9aebc8d14081a5f.jpg","path-name","name"
"images/2023/12/19/23-26-35-4cf76eaed6c87ea5d9aebc8d14081a5f-2023%2F12%2F19%2F23-26-26-4cf76eaed6c87ea5d9aebc8d14081a5f-定时删除流程-726ed7-bf2833.jpg","images/20231219232635000-4cf76eaed6c87ea5d9aebc8d14081a5f.jpg","images/2023/12/19/23-26-35-4cf76eaed6c87ea5d9aebc8d14081a5f-2023%2F12%2F19%2F23-26-26-4cf76eaed6c87ea5d9aebc8d14081a5f-定时删除流程-726ed7-bf2833.jpg","images/20231219232635000-4cf76eaed6c87ea5d9aebc8d14081a5f.jpg","path-name","name"
"images/2023/12/19/23-36-09-a697e2ad8db84274c9306838a754dbd1-lru字段-1a7375.png","images/20231219233609000-a697e2ad8db84274c9306838a754dbd1.png","images/2023/12/19/23-36-09-a697e2ad8db84274c9306838a754dbd1-lru字段-1a7375.png","images/20231219233609000-a697e2ad8db84274c9306838a754dbd1.png","path-name","name"
"images/24/11/17/16-37-08-6ac870c986f4d24ba12899e13dcfd652-image-20241117163707991-18300b.png","images/20241117163707991-6ac870c986f4d24ba12899e13dcfd652.png","images/24/11/17/16-37-08-6ac870c986f4d24ba12899e13dcfd652-image-20241117163707991-18300b.png","images/20241117163707991-6ac870c986f4d24ba12899e13dcfd652.png","path-name","name"
"images/24/11/17/17-32-12-4287454574ad624d8f24ee15119da079-74a7c78c4c79dd284015a0f6dc463c1d-01039a.svg+xml","images/20241117173212000-4287454574ad624d8f24ee15119da079.svg+xml","images/24/11/17/17-32-12-4287454574ad624d8f24ee15119da079-74a7c78c4c79dd284015a0f6dc463c1d-01039a.svg+xml","images/20241117173212000-4287454574ad624d8f24ee15119da079.svg+xml","path-name","name"
"images/24/11/17/17-42-05-90dea1c66ab1faa29c3bdcfaf7cdd5c6-image-20241117174205420-f8f0a2.png","images/20241117174205420-90dea1c66ab1faa29c3bdcfaf7cdd5c6.png","images/24/11/17/17-42-05-90dea1c66ab1faa29c3bdcfaf7cdd5c6-image-20241117174205420-f8f0a2.png","images/20241117174205420-90dea1c66ab1faa29c3bdcfaf7cdd5c6.png","path-name","name"
"images/24/11/17/18-15-10-c1000a51d27458b01e052e279920e337-image-20241117181510924-b1e322.png","images/20241117181510924-c1000a51d27458b01e052e279920e337.png","images/24/11/17/18-15-10-c1000a51d27458b01e052e279920e337-image-20241117181510924-b1e322.png","images/20241117181510924-c1000a51d27458b01e052e279920e337.png","path-name","name"
"images/24/11/17/18-38-36-3dfcaaf92c1f7fd97bc3018ee9a61dfe-image-20241117183836749-0f2e19.png","images/20241117183836749-3dfcaaf92c1f7fd97bc3018ee9a61dfe.png","images/24/11/17/18-38-36-3dfcaaf92c1f7fd97bc3018ee9a61dfe-image-20241117183836749-0f2e19.png","images/20241117183836749-3dfcaaf92c1f7fd97bc3018ee9a61dfe.png","path-name","name"
"images/24/11/17/23-04-18-c124b952cf37f977e0a4f3ebc1e692e3-image-20241117230418181-ebe11c.png","images/20241117230418181-c124b952cf37f977e0a4f3ebc1e692e3.png","images/24/11/17/23-04-18-c124b952cf37f977e0a4f3ebc1e692e3-image-20241117230418181-ebe11c.png","images/20241117230418181-c124b952cf37f977e0a4f3ebc1e692e3.png","path-name","name"
"images/24/11/17/23-11-47-a404226a127f75fe5202c11690b237c7-image-20241117231147802-fdb626.png","images/20241117231147802-a404226a127f75fe5202c11690b237c7.png","images/24/11/17/23-11-47-a404226a127f75fe5202c11690b237c7-image-20241117231147802-fdb626.png","images/20241117231147802-a404226a127f75fe5202c11690b237c7.png","path-name","name"
"images/24/11/18/21-14-39-45a48d60d17330a8b676b5473172d788-image-20241118211439732-2bd5d0.png","images/20241118211439732-45a48d60d17330a8b676b5473172d788.png","images/24/11/18/21-14-39-45a48d60d17330a8b676b5473172d788-image-20241118211439732-2bd5d0.png","images/20241118211439732-45a48d60d17330a8b676b5473172d788.png","path-name","name"
"images/24/11/18/21-17-19-6cfff0bd19f1eb6489ef2db1987bebf3-image-20241118211719696-5fd9d6.png","images/20241118211719696-6cfff0bd19f1eb6489ef2db1987bebf3.png","images/24/11/18/21-17-19-6cfff0bd19f1eb6489ef2db1987bebf3-image-20241118211719696-5fd9d6.png","images/20241118211719696-6cfff0bd19f1eb6489ef2db1987bebf3.png","path-name","name"
"images/24/11/18/21-17-55-a037993e767a6d1f73fdfebc8202e9c7-image-20241118211755160-f5e7a6.png","images/20241118211755160-a037993e767a6d1f73fdfebc8202e9c7.png","images/24/11/18/21-17-55-a037993e767a6d1f73fdfebc8202e9c7-image-20241118211755160-f5e7a6.png","images/20241118211755160-a037993e767a6d1f73fdfebc8202e9c7.png","path-name","name"
"images/24/11/18/21-19-09-262e2b93df330e385d610d7510533cf3-image-20241118211909386-e1a4b1.png","images/20241118211909386-262e2b93df330e385d610d7510533cf3.png","images/24/11/18/21-19-09-262e2b93df330e385d610d7510533cf3-image-20241118211909386-e1a4b1.png","images/20241118211909386-262e2b93df330e385d610d7510533cf3.png","path-name","name"
"images/24/11/18/21-22-20-db0b33a40e6b26165fab9481ad7ad56b-image-20241118212220187-9f4b50.png","images/20241118212220187-db0b33a40e6b26165fab9481ad7ad56b.png","images/24/11/18/21-22-20-db0b33a40e6b26165fab9481ad7ad56b-image-20241118212220187-9f4b50.png","images/20241118212220187-db0b33a40e6b26165fab9481ad7ad56b.png","path-name","name"
"images/24/11/18/21-24-46-864a053c4e8900d66f1b296c7ee36510-image-20241118212446388-f27c02.png","images/20241118212446388-864a053c4e8900d66f1b296c7ee36510.png","images/24/11/18/21-24-46-864a053c4e8900d66f1b296c7ee36510-image-20241118212446388-f27c02.png","images/20241118212446388-864a053c4e8900d66f1b296c7ee36510.png","path-name","name"
"images/24/11/18/21-54-16-926891ba281a73a7b6c78458e354f30c-image-20241118215416809-e55252.png","images/20241118215416809-926891ba281a73a7b6c78458e354f30c.png","images/24/11/18/21-54-16-926891ba281a73a7b6c78458e354f30c-image-20241118215416809-e55252.png","images/20241118215416809-926891ba281a73a7b6c78458e354f30c.png","path-name","name"
"images/24/11/18/22-10-46-b35017c3950c88d74a51cd2f9d3aa018-image-20241118221046497-432ab1.png","images/20241118221046497-b35017c3950c88d74a51cd2f9d3aa018.png","images/24/11/18/22-10-46-b35017c3950c88d74a51cd2f9d3aa018-image-20241118221046497-432ab1.png","images/20241118221046497-b35017c3950c88d74a51cd2f9d3aa018.png","path-name","name"
"images/24/11/18/22-13-06-5f5cced00b0892284f525572dee8f655-image-20241118221305969-7a2a14.png","images/20241118221305969-5f5cced00b0892284f525572dee8f655.png","images/24/11/18/22-13-06-5f5cced00b0892284f525572dee8f655-image-20241118221305969-7a2a14.png","images/20241118221305969-5f5cced00b0892284f525572dee8f655.png","path-name","name"
"images/24/11/18/22-16-21-c124b952cf37f977e0a4f3ebc1e692e3-18-15-10-c1000a51d27458b01e052e279920e337-image-20241117181510924-b1e322-f97c67.png","images/20241117181510924-c124b952cf37f977e0a4f3ebc1e692e3.png","images/24/11/18/22-16-21-c124b952cf37f977e0a4f3ebc1e692e3-18-15-10-c1000a51d27458b01e052e279920e337-image-20241117181510924-b1e322-f97c67.png","images/20241117181510924-c124b952cf37f977e0a4f3ebc1e692e3.png","path-name","name"
"images/24/11/18/22-16-28-9b56ce23ef2a103e23ed2653ce1dd4f6-image-20241118212740366-c212e8.png","images/20241118212740366-9b56ce23ef2a103e23ed2653ce1dd4f6.png","images/24/11/18/22-16-28-9b56ce23ef2a103e23ed2653ce1dd4f6-image-20241118212740366-c212e8.png","images/20241118212740366-9b56ce23ef2a103e23ed2653ce1dd4f6.png","path-name","name"
"images/24/11/18/22-23-15-0d038d273d9d9ae81e29274b87ff2c9c-image-20241118222315232-0b7dd1.png","images/20241118222315232-0d038d273d9d9ae81e29274b87ff2c9c.png","images/24/11/18/22-23-15-0d038d273d9d9ae81e29274b87ff2c9c-image-20241118222315232-0b7dd1.png","images/20241118222315232-0d038d273d9d9ae81e29274b87ff2c9c.png","path-name","name"
"images/24/11/18/22-28-54-8911d61727bd238f91085383d6ca1bcc-image-20241118222854647-f98ae7.png","images/20241118222854647-8911d61727bd238f91085383d6ca1bcc.png","images/24/11/18/22-28-54-8911d61727bd238f91085383d6ca1bcc-image-20241118222854647-f98ae7.png","images/20241118222854647-8911d61727bd238f91085383d6ca1bcc.png","path-name","name"
"images/24/11/18/22-31-10-a4b84ae2894c90dcef2a8025f39c7af4-image-20241118223110669-e73122.png","images/20241118223110669-a4b84ae2894c90dcef2a8025f39c7af4.png","images/24/11/18/22-31-10-a4b84ae2894c90dcef2a8025f39c7af4-image-20241118223110669-e73122.png","images/20241118223110669-a4b84ae2894c90dcef2a8025f39c7af4.png","path-name","name"
"images/24/11/18/22-36-08-d4843f111d8c768fed1eb59224c0f0c1-image-20241118223608337-b63854.png","images/20241118223608337-d4843f111d8c768fed1eb59224c0f0c1.png","images/24/11/18/22-36-08-d4843f111d8c768fed1eb59224c0f0c1-image-20241118223608337-b63854.png","images/20241118223608337-d4843f111d8c768fed1eb59224c0f0c1.png","path-name","name"
"images/24/11/18/23-51-11-a85f1dd84cbcc881b23bf997d369c5ad-image-20241118235111137-7679cd.png","images/20241118235111137-a85f1dd84cbcc881b23bf997d369c5ad.png","images/24/11/18/23-51-11-a85f1dd84cbcc881b23bf997d369c5ad-image-20241118235111137-7679cd.png","images/20241118235111137-a85f1dd84cbcc881b23bf997d369c5ad.png","path-name","name"
"images/24/11/19/00-23-25-4e437c5eb010c1e26dc18f3e0fde90ea-image-20241119002325315-21fb9b.png","images/20241119002325315-4e437c5eb010c1e26dc18f3e0fde90ea.png","images/24/11/19/00-23-25-4e437c5eb010c1e26dc18f3e0fde90ea-image-20241119002325315-21fb9b.png","images/20241119002325315-4e437c5eb010c1e26dc18f3e0fde90ea.png","path-name","name"
"images/24/11/19/19-45-31-b6567ae849d1d240ed411b9fbd93933e-fb43a4dff12b72b13a5acd2a1b38751-a4a584.jpg","images/20241119194531000-b6567ae849d1d240ed411b9fbd93933e.jpg","images/24/11/19/19-45-31-b6567ae849d1d240ed411b9fbd93933e-fb43a4dff12b72b13a5acd2a1b38751-a4a584.jpg","images/20241119194531000-b6567ae849d1d240ed411b9fbd93933e.jpg","path-name","name"
"images/24/11/19/19-47-53-ae8b0e862a001d1fa47bb18bae58490a-image-20241119194753146-2cc08c.png","images/20241119194753146-ae8b0e862a001d1fa47bb18bae58490a.png","images/24/11/19/19-47-53-ae8b0e862a001d1fa47bb18bae58490a-image-20241119194753146-2cc08c.png","images/20241119194753146-ae8b0e862a001d1fa47bb18bae58490a.png","path-name","name"
"images/24/11/19/21-28-34-364b74db52467d0c7ae145d922273cc8-image-20241119212834324-a58e32.png","images/20241119212834324-364b74db52467d0c7ae145d922273cc8.png","images/24/11/19/21-28-34-364b74db52467d0c7ae145d922273cc8-image-20241119212834324-a58e32.png","images/20241119212834324-364b74db52467d0c7ae145d922273cc8.png","path-name","name"
"images/24/11/19/21-30-06-9546ef80b7512dc64daff4835000e498-image-20241119213006875-dfbadf.png","images/20241119213006875-9546ef80b7512dc64daff4835000e498.png","images/24/11/19/21-30-06-9546ef80b7512dc64daff4835000e498-image-20241119213006875-dfbadf.png","images/20241119213006875-9546ef80b7512dc64daff4835000e498.png","path-name","name"
"images/24/11/19/22-53-03-4d96e8ac6b07ac715bd598bc1c451597-image-20241119225303938-6ada31.png","images/20241119225303938-4d96e8ac6b07ac715bd598bc1c451597.png","images/24/11/19/22-53-03-4d96e8ac6b07ac715bd598bc1c451597-image-20241119225303938-6ada31.png","images/20241119225303938-4d96e8ac6b07ac715bd598bc1c451597.png","path-name","name"
"images/24/11/19/22-53-39-58e11f061d950cfbdeaac79cb94d7f76-image-20241119225339294-b922ae.png","images/20241119225339294-58e11f061d950cfbdeaac79cb94d7f76.png","images/24/11/19/22-53-39-58e11f061d950cfbdeaac79cb94d7f76-image-20241119225339294-b922ae.png","images/20241119225339294-58e11f061d950cfbdeaac79cb94d7f76.png","path-name","name"
"images/24/11/19/22-57-21-9e6864a6c495576db97aef186da91a50-image-20241119225721778-237bcd.png","images/20241119225721778-9e6864a6c495576db97aef186da91a50.png","images/24/11/19/22-57-21-9e6864a6c495576db97aef186da91a50-image-20241119225721778-237bcd.png","images/20241119225721778-9e6864a6c495576db97aef186da91a50.png","path-name","name"
"images/24/11/19/23-04-31-ccd70c8c32f5ccfd67bffb7e8eae3352-30601b6104a355e931c21260d22ae3efe17868c4-9049d1.jpg","images/20241119230431000-ccd70c8c32f5ccfd67bffb7e8eae3352.jpg","images/24/11/19/23-04-31-ccd70c8c32f5ccfd67bffb7e8eae3352-30601b6104a355e931c21260d22ae3efe17868c4-9049d1.jpg","images/20241119230431000-ccd70c8c32f5ccfd67bffb7e8eae3352.jpg","path-name","name"
"images/24/11/19/23-06-08-028b65d5558a738aaa7eba492297d763-image-20241119230608026-e44cb9.png","images/20241119230608026-028b65d5558a738aaa7eba492297d763.png","images/24/11/19/23-06-08-028b65d5558a738aaa7eba492297d763-image-20241119230608026-e44cb9.png","images/20241119230608026-028b65d5558a738aaa7eba492297d763.png","path-name","name"
"images/24/11/19/23-08-35-3ff309370dc9d78ec6667e94d2c4cb5c-d3f9cddfa55f1104f0dc5dc392cb600a-18adf3.svg","images/20241119230835000-3ff309370dc9d78ec6667e94d2c4cb5c.svg","images/24/11/19/23-08-35-3ff309370dc9d78ec6667e94d2c4cb5c-d3f9cddfa55f1104f0dc5dc392cb600a-18adf3.svg","images/20241119230835000-3ff309370dc9d78ec6667e94d2c4cb5c.svg","path-name","name"
"images/24/11/19/23-09-32-1c8f62ca8b944a9c4c0f12131d068a02-image-20241119230932945-d1a340.png","images/20241119230932945-1c8f62ca8b944a9c4c0f12131d068a02.png","images/24/11/19/23-09-32-1c8f62ca8b944a9c4c0f12131d068a02-image-20241119230932945-d1a340.png","images/20241119230932945-1c8f62ca8b944a9c4c0f12131d068a02.png","path-name","name"
"images/24/11/19/23-11-59-bb07e2cc80b7cbef207b6662ba84df1f-image-20241119231159155-641cb5.png","images/20241119231159155-bb07e2cc80b7cbef207b6662ba84df1f.png","images/24/11/19/23-11-59-bb07e2cc80b7cbef207b6662ba84df1f-image-20241119231159155-641cb5.png","images/20241119231159155-bb07e2cc80b7cbef207b6662ba84df1f.png","path-name","name"
"images/24/11/19/23-32-04-0a44dff62612e1be5c1c85254b7bed02-image-20241119233204791-f70725.png","images/20241119233204791-0a44dff62612e1be5c1c85254b7bed02.png","images/24/11/19/23-32-04-0a44dff62612e1be5c1c85254b7bed02-image-20241119233204791-f70725.png","images/20241119233204791-0a44dff62612e1be5c1c85254b7bed02.png","path-name","name"
"images/24/11/20/12-13-16-98204fb84170e5a8dd9d631d552694a6-image-20241120121316192-20de4e.png","images/20241120121316192-98204fb84170e5a8dd9d631d552694a6.png","images/24/11/20/12-13-16-98204fb84170e5a8dd9d631d552694a6-image-20241120121316192-20de4e.png","images/20241120121316192-98204fb84170e5a8dd9d631d552694a6.png","path-name","name"
"images/24/11/20/12-15-24-8c72598aa25954bcb72b2b42fc085bc1-image-20241120121524166-65fc25.png","images/20241120121524166-8c72598aa25954bcb72b2b42fc085bc1.png","images/24/11/20/12-15-24-8c72598aa25954bcb72b2b42fc085bc1-image-20241120121524166-65fc25.png","images/20241120121524166-8c72598aa25954bcb72b2b42fc085bc1.png","path-name","name"
"images/24/11/20/12-19-44-708e176291e575a0fda2ed6b661095be-image-20241120121944157-dc90a4.png","images/20241120121944157-708e176291e575a0fda2ed6b661095be.png","images/24/11/20/12-19-44-708e176291e575a0fda2ed6b661095be-image-20241120121944157-dc90a4.png","images/20241120121944157-708e176291e575a0fda2ed6b661095be.png","path-name","name"
"images/24/11/20/12-21-56-a3f51d4e83c1cbab1428515d5bfd36e5-image-20241120122156816-e37442.png","images/20241120122156816-a3f51d4e83c1cbab1428515d5bfd36e5.png","images/24/11/20/12-21-56-a3f51d4e83c1cbab1428515d5bfd36e5-image-20241120122156816-e37442.png","images/20241120122156816-a3f51d4e83c1cbab1428515d5bfd36e5.png","path-name","name"
"images/24/11/20/12-56-50-77a3f0465008ad72d4168643715e2e75-image-20241120125650241-faa728.png","images/20241120125650241-77a3f0465008ad72d4168643715e2e75.png","images/24/11/20/12-56-50-77a3f0465008ad72d4168643715e2e75-image-20241120125650241-faa728.png","images/20241120125650241-77a3f0465008ad72d4168643715e2e75.png","path-name","name"
"images/24/11/20/13-01-33-823449fb571ef34beb3a8f7c5138a5dd-image-20241120130133317-8bf3d7.png","images/20241120130133317-823449fb571ef34beb3a8f7c5138a5dd.png","images/24/11/20/13-01-33-823449fb571ef34beb3a8f7c5138a5dd-image-20241120130133317-8bf3d7.png","images/20241120130133317-823449fb571ef34beb3a8f7c5138a5dd.png","path-name","name"
"images/24/11/20/23-28-59-9e7004903f37e25c76245ca1b8ef8fbf-image-20241120232859018-307844.png","images/20241120232859018-9e7004903f37e25c76245ca1b8ef8fbf.png","images/24/11/20/23-28-59-9e7004903f37e25c76245ca1b8ef8fbf-image-20241120232859018-307844.png","images/20241120232859018-9e7004903f37e25c76245ca1b8ef8fbf.png","path-name","name"
"images/24/11/21/00-04-52-dce2c1ccebfe225d457663d4f05f32c9-image-20241121000452257-1c91b5.png","images/20241121000452257-dce2c1ccebfe225d457663d4f05f32c9.png","images/24/11/21/00-04-52-dce2c1ccebfe225d457663d4f05f32c9-image-20241121000452257-1c91b5.png","images/20241121000452257-dce2c1ccebfe225d457663d4f05f32c9.png","path-name","name"
"images/24/11/21/00-14-57-a748bbc1b50f51a48a3399bf1a989245-image-20241121001457423-bbc0dd.png","images/20241121001457423-a748bbc1b50f51a48a3399bf1a989245.png","images/24/11/21/00-14-57-a748bbc1b50f51a48a3399bf1a989245-image-20241121001457423-bbc0dd.png","images/20241121001457423-a748bbc1b50f51a48a3399bf1a989245.png","path-name","name"
"images/24/11/21/00-16-31-4fe84486eb586be03f1d81e6fc3ff383-image-20241121001631892-0a8476.png","images/20241121001631892-4fe84486eb586be03f1d81e6fc3ff383.png","images/24/11/21/00-16-31-4fe84486eb586be03f1d81e6fc3ff383-image-20241121001631892-0a8476.png","images/20241121001631892-4fe84486eb586be03f1d81e6fc3ff383.png","path-name","name"
"images/24/11/22/00-23-03-4f41681831455ddb201b75afe1772320-image-20241122002303911-69414d.png","images/20241122002303911-4f41681831455ddb201b75afe1772320.png","images/24/11/22/00-23-03-4f41681831455ddb201b75afe1772320-image-20241122002303911-69414d.png","images/20241122002303911-4f41681831455ddb201b75afe1772320.png","path-name","name"
"images/24/11/23/14-18-59-9c310730f38b0a2e2dcd5166d5dc2c61-image-20241123141859218-62db92.png","images/20241123141859218-9c310730f38b0a2e2dcd5166d5dc2c61.png","images/24/11/23/14-18-59-9c310730f38b0a2e2dcd5166d5dc2c61-image-20241123141859218-62db92.png","images/20241123141859218-9c310730f38b0a2e2dcd5166d5dc2c61.png","path-name","name"
"images/24/11/23/16-13-30-4c6a1d5b8f10723540f3ef08c328bf9e-image-20241123161330673-3e8979.png","images/20241123161330673-4c6a1d5b8f10723540f3ef08c328bf9e.png","images/24/11/23/16-13-30-4c6a1d5b8f10723540f3ef08c328bf9e-image-20241123161330673-3e8979.png","images/20241123161330673-4c6a1d5b8f10723540f3ef08c328bf9e.png","path-name","name"
"images/24/11/23/16-23-50-adf6224c079a85e5e510643d665e0950-image-20241123162350531-57def2.png","images/20241123162350531-adf6224c079a85e5e510643d665e0950.png","images/24/11/23/16-23-50-adf6224c079a85e5e510643d665e0950-image-20241123162350531-57def2.png","images/20241123162350531-adf6224c079a85e5e510643d665e0950.png","path-name","name"
"images/24/11/23/16-24-14-e831bfa358d50a5a5f87209ffec9eb51-image-20241123162414583-d66dcb.png","images/20241123162414583-e831bfa358d50a5a5f87209ffec9eb51.png","images/24/11/23/16-24-14-e831bfa358d50a5a5f87209ffec9eb51-image-20241123162414583-d66dcb.png","images/20241123162414583-e831bfa358d50a5a5f87209ffec9eb51.png","path-name","name"
"images/24/11/23/16-24-50-69f87a4c091fa7ba6da7b97f9146f80f-image-20241123162450187-bd9ba2.png","images/20241123162450187-69f87a4c091fa7ba6da7b97f9146f80f.png","images/24/11/23/16-24-50-69f87a4c091fa7ba6da7b97f9146f80f-image-20241123162450187-bd9ba2.png","images/20241123162450187-69f87a4c091fa7ba6da7b97f9146f80f.png","path-name","name"
"images/24/11/23/16-25-52-e39715d1ba12d9f8e3cd155cc52d7812-image-20241123162552926-bc7d1b.png","images/20241123162552926-e39715d1ba12d9f8e3cd155cc52d7812.png","images/24/11/23/16-25-52-e39715d1ba12d9f8e3cd155cc52d7812-image-20241123162552926-bc7d1b.png","images/20241123162552926-e39715d1ba12d9f8e3cd155cc52d7812.png","path-name","name"
"images/24/11/23/16-26-35-a499eeef17a48844778606315c8d5e56-image-20241123162635017-7db9ed.png","images/20241123162635017-a499eeef17a48844778606315c8d5e56.png","images/24/11/23/16-26-35-a499eeef17a48844778606315c8d5e56-image-20241123162635017-7db9ed.png","images/20241123162635017-a499eeef17a48844778606315c8d5e56.png","path-name","name"
"images/24/11/23/16-27-50-eac41153c21894a1d3e411e91a6e4bc8-image-20241123162750768-a083ce.png","images/20241123162750768-eac41153c21894a1d3e411e91a6e4bc8.png","images/24/11/23/16-27-50-eac41153c21894a1d3e411e91a6e4bc8-image-20241123162750768-a083ce.png","images/20241123162750768-eac41153c21894a1d3e411e91a6e4bc8.png","path-name","name"
"images/24/11/23/16-28-18-36ed28e2ee748c5649f6d5d6c8090773-image-20241123162818164-6b2aed.png","images/20241123162818164-36ed28e2ee748c5649f6d5d6c8090773.png","images/24/11/23/16-28-18-36ed28e2ee748c5649f6d5d6c8090773-image-20241123162818164-6b2aed.png","images/20241123162818164-36ed28e2ee748c5649f6d5d6c8090773.png","path-name","name"
"images/24/11/23/16-39-31-09626d42052ea39ae743075d9e70a890-image-20241123163931757-0f2ea8.png","images/20241123163931757-09626d42052ea39ae743075d9e70a890.png","images/24/11/23/16-39-31-09626d42052ea39ae743075d9e70a890-image-20241123163931757-0f2ea8.png","images/20241123163931757-09626d42052ea39ae743075d9e70a890.png","path-name","name"
"images/24/11/23/16-40-49-09626d42052ea39ae743075d9e70a890-image-20241123163931757-f0fad3.png","images/20241123163931757-09626d42052ea39ae743075d9e70a890-2.png","images/24/11/23/16-40-49-09626d42052ea39ae743075d9e70a890-image-20241123163931757-f0fad3.png","images/20241123163931757-09626d42052ea39ae743075d9e70a890-2.png","path-name","name"
"images/24/11/23/16-41-04-09626d42052ea39ae743075d9e70a890-image-20241123164104070-b58a8a.png","images/20241123164104070-09626d42052ea39ae743075d9e70a890.png","images/24/11/23/16-41-04-09626d42052ea39ae743075d9e70a890-image-20241123164104070-b58a8a.png","images/20241123164104070-09626d42052ea39ae743075d9e70a890.png","path-name","name"
"images/24/11/23/16-42-13-9bf652b7fe86f13ac1bcdcb3e81ce5e4-image-20241123164213558-ff1eb6.png","images/20241123164213558-9bf652b7fe86f13ac1bcdcb3e81ce5e4.png","images/24/11/23/16-42-13-9bf652b7fe86f13ac1bcdcb3e81ce5e4-image-20241123164213558-ff1eb6.png","images/20241123164213558-9bf652b7fe86f13ac1bcdcb3e81ce5e4.png","path-name","name"
"images/24/11/23/17-10-35-226ccb8c183884ad761391c06fee5bbc-image-20241123171035476-9223a7.png","images/20241123171035476-226ccb8c183884ad761391c06fee5bbc.png","images/24/11/23/17-10-35-226ccb8c183884ad761391c06fee5bbc-image-20241123171035476-9223a7.png","images/20241123171035476-226ccb8c183884ad761391c06fee5bbc.png","path-name","name"
"images/24/11/24/11-40-03-886d441bf8d2e660d917cd6ee806bbc3-image-20241124114003336-941048.png","images/20241124114003336-886d441bf8d2e660d917cd6ee806bbc3.png","images/24/11/24/11-40-03-886d441bf8d2e660d917cd6ee806bbc3-image-20241124114003336-941048.png","images/20241124114003336-886d441bf8d2e660d917cd6ee806bbc3.png","path-name","name"
"images/24/11/24/13-07-43-5b6e3910ec69d32887bd1288fed92398-image-20241124130742963-f574ea.png","images/20241124130742963-5b6e3910ec69d32887bd1288fed92398.png","images/24/11/24/13-07-43-5b6e3910ec69d32887bd1288fed92398-image-20241124130742963-f574ea.png","images/20241124130742963-5b6e3910ec69d32887bd1288fed92398.png","path-name","name"
"images/24/11/24/19-37-21-1e444b73d1c9f89ed7165c32dbb1e6b1-image-20241124193721670-dfa561.png","images/20241124193721670-1e444b73d1c9f89ed7165c32dbb1e6b1.png","images/24/11/24/19-37-21-1e444b73d1c9f89ed7165c32dbb1e6b1-image-20241124193721670-dfa561.png","images/20241124193721670-1e444b73d1c9f89ed7165c32dbb1e6b1.png","path-name","name"
"images/24/11/24/19-37-47-174a1be8efa1b338458c71189547987b-image-20241124193747160-9b6dff.png","images/20241124193747160-174a1be8efa1b338458c71189547987b.png","images/24/11/24/19-37-47-174a1be8efa1b338458c71189547987b-image-20241124193747160-9b6dff.png","images/20241124193747160-174a1be8efa1b338458c71189547987b.png","path-name","name"
"images/24/11/24/19-42-57-95487ca2cf9e3e58405a56b016cad5a7-image-20241124194257227-f7365e.png","images/20241124194257227-95487ca2cf9e3e58405a56b016cad5a7.png","images/24/11/24/19-42-57-95487ca2cf9e3e58405a56b016cad5a7-image-20241124194257227-f7365e.png","images/20241124194257227-95487ca2cf9e3e58405a56b016cad5a7.png","path-name","name"
"images/24/11/24/19-48-08-7f63d2e7b3c4c61307a3997261889930-image-20241124194808564-7a60c9.png","images/20241124194808564-7f63d2e7b3c4c61307a3997261889930.png","images/24/11/24/19-48-08-7f63d2e7b3c4c61307a3997261889930-image-20241124194808564-7a60c9.png","images/20241124194808564-7f63d2e7b3c4c61307a3997261889930.png","path-name","name"
"images/24/11/24/20-06-03-5aec87708a30c778dc284b8c8b70e259-image-20241124200603202-d4916d.png","images/20241124200603202-5aec87708a30c778dc284b8c8b70e259.png","images/24/11/24/20-06-03-5aec87708a30c778dc284b8c8b70e259-image-20241124200603202-d4916d.png","images/20241124200603202-5aec87708a30c778dc284b8c8b70e259.png","path-name","name"
"images/24/11/24/22-07-09-a821dc8fadd4f6677f5559bd5ded1a78-image-20241124220709370-abf681.png","images/20241124220709370-a821dc8fadd4f6677f5559bd5ded1a78.png","images/24/11/24/22-07-09-a821dc8fadd4f6677f5559bd5ded1a78-image-20241124220709370-abf681.png","images/20241124220709370-a821dc8fadd4f6677f5559bd5ded1a78.png","path-name","name"
"images/24/11/24/22-09-57-6e2e2647eec5e287b39e351768ed310c-image-20241124220957725-c2296f.png","images/20241124220957725-6e2e2647eec5e287b39e351768ed310c.png","images/24/11/24/22-09-57-6e2e2647eec5e287b39e351768ed310c-image-20241124220957725-c2296f.png","images/20241124220957725-6e2e2647eec5e287b39e351768ed310c.png","path-name","name"
"images/24/11/24/22-13-40-0d4a0d2e51767adad163e24f0ef5f3f9-image-20241124221340385-4efeb1.png","images/20241124221340385-0d4a0d2e51767adad163e24f0ef5f3f9.png","images/24/11/24/22-13-40-0d4a0d2e51767adad163e24f0ef5f3f9-image-20241124221340385-4efeb1.png","images/20241124221340385-0d4a0d2e51767adad163e24f0ef5f3f9.png","path-name","name"
"images/24/11/24/22-22-34-38e6e14e0f54f7dc69bc547de1536194-image-20241124222234432-68ba2e.png","images/20241124222234432-38e6e14e0f54f7dc69bc547de1536194.png","images/24/11/24/22-22-34-38e6e14e0f54f7dc69bc547de1536194-image-20241124222234432-68ba2e.png","images/20241124222234432-38e6e14e0f54f7dc69bc547de1536194.png","path-name","name"
"images/24/11/24/22-25-39-583c004924aaa658304371b070611968-image-20241124222539804-69186a.png","images/20241124222539804-583c004924aaa658304371b070611968.png","images/24/11/24/22-25-39-583c004924aaa658304371b070611968-image-20241124222539804-69186a.png","images/20241124222539804-583c004924aaa658304371b070611968.png","path-name","name"
"images/24/11/24/22-31-36-05a396ec0b2e45dc2962dad4d9ca9133-image-20241124223136351-85446b.png","images/20241124223136351-05a396ec0b2e45dc2962dad4d9ca9133.png","images/24/11/24/22-31-36-05a396ec0b2e45dc2962dad4d9ca9133-image-20241124223136351-85446b.png","images/20241124223136351-05a396ec0b2e45dc2962dad4d9ca9133.png","path-name","name"
"images/24/11/24/22-31-52-295d3dcb2c74a56aa4cbf946254051f8-image-20241124223152300-5f1050.png","images/20241124223152300-295d3dcb2c74a56aa4cbf946254051f8.png","images/24/11/24/22-31-52-295d3dcb2c74a56aa4cbf946254051f8-image-20241124223152300-5f1050.png","images/20241124223152300-295d3dcb2c74a56aa4cbf946254051f8.png","path-name","name"
"images/24/11/24/22-32-05-b8690522ef9b4a6738abbd6f3e3cea27-image-20241124223205719-0d1449.png","images/20241124223205719-b8690522ef9b4a6738abbd6f3e3cea27.png","images/24/11/24/22-32-05-b8690522ef9b4a6738abbd6f3e3cea27-image-20241124223205719-0d1449.png","images/20241124223205719-b8690522ef9b4a6738abbd6f3e3cea27.png","path-name","name"
"images/24/11/24/22-32-27-ac38a024f719276f1eeff65adbaf6151-image-20241124223226979-d2d704.png","images/20241124223226979-ac38a024f719276f1eeff65adbaf6151.png","images/24/11/24/22-32-27-ac38a024f719276f1eeff65adbaf6151-image-20241124223226979-d2d704.png","images/20241124223226979-ac38a024f719276f1eeff65adbaf6151.png","path-name","name"
"images/24/11/24/22-33-50-050442153d08b7663ea0fe050d560c96-image-20241124223350432-ac79e5.png","images/20241124223350432-050442153d08b7663ea0fe050d560c96.png","images/24/11/24/22-33-50-050442153d08b7663ea0fe050d560c96-image-20241124223350432-ac79e5.png","images/20241124223350432-050442153d08b7663ea0fe050d560c96.png","path-name","name"
"images/24/11/25/12-33-15-15034c30d3adfcff4b79b736475b623a-image-20241125123315113-1d4ace.png","images/20241125123315113-15034c30d3adfcff4b79b736475b623a.png","images/24/11/25/12-33-15-15034c30d3adfcff4b79b736475b623a-image-20241125123315113-1d4ace.png","images/20241125123315113-15034c30d3adfcff4b79b736475b623a.png","path-name","name"
"images/24/11/25/12-50-01-834960fe56370f2f0fff043ae34a2b5f-image-20241125125001597-ecab01.png","images/20241125125001597-834960fe56370f2f0fff043ae34a2b5f.png","images/24/11/25/12-50-01-834960fe56370f2f0fff043ae34a2b5f-image-20241125125001597-ecab01.png","images/20241125125001597-834960fe56370f2f0fff043ae34a2b5f.png","path-name","name"
"images/24/11/25/12-52-49-baee811cc63c953ced04bb1596c36e03-image-20241125125249651-5b66bf.png","images/20241125125249651-baee811cc63c953ced04bb1596c36e03.png","images/24/11/25/12-52-49-baee811cc63c953ced04bb1596c36e03-image-20241125125249651-5b66bf.png","images/20241125125249651-baee811cc63c953ced04bb1596c36e03.png","path-name","name"
"images/24/11/25/19-53-31-25615be1e57f5dade9f7784664c1fb2c-image-20241125195331431-07ec46.png","images/20241125195331431-25615be1e57f5dade9f7784664c1fb2c.png","images/24/11/25/19-53-31-25615be1e57f5dade9f7784664c1fb2c-image-20241125195331431-07ec46.png","images/20241125195331431-25615be1e57f5dade9f7784664c1fb2c.png","path-name","name"
"images/24/11/25/20-10-22-730e217841e49dd1dac05be5d4a9a39e-image-20241125201022457-1a1dfa.png","images/20241125201022457-730e217841e49dd1dac05be5d4a9a39e.png","images/24/11/25/20-10-22-730e217841e49dd1dac05be5d4a9a39e-image-20241125201022457-1a1dfa.png","images/20241125201022457-730e217841e49dd1dac05be5d4a9a39e.png","path-name","name"
"images/24/11/25/20-25-27-cff68a07a80325dac8d61f958b3612c7-image-20241125202527821-f587a0.png","images/20241125202527821-cff68a07a80325dac8d61f958b3612c7.png","images/24/11/25/20-25-27-cff68a07a80325dac8d61f958b3612c7-image-20241125202527821-f587a0.png","images/20241125202527821-cff68a07a80325dac8d61f958b3612c7.png","path-name","name"
"images/24/11/25/20-42-25-9d533a45026b6fb0238fbfe1da7805fd-image-20241125204225280-1d0611.png","images/20241125204225280-9d533a45026b6fb0238fbfe1da7805fd.png","images/24/11/25/20-42-25-9d533a45026b6fb0238fbfe1da7805fd-image-20241125204225280-1d0611.png","images/20241125204225280-9d533a45026b6fb0238fbfe1da7805fd.png","path-name","name"
"images/24/11/25/21-05-18-317bbaabe1cbc4fc16b0f0b515c0b912-image-20241125210518776-80ab20.png","images/20241125210518776-317bbaabe1cbc4fc16b0f0b515c0b912.png","images/24/11/25/21-05-18-317bbaabe1cbc4fc16b0f0b515c0b912-image-20241125210518776-80ab20.png","images/20241125210518776-317bbaabe1cbc4fc16b0f0b515c0b912.png","path-name","name"
"images/24/11/25/22-29-58-063ade18e92fb476acf618aa2355e82f-image-20241125222958336-acbdb3.png","images/20241125222958336-063ade18e92fb476acf618aa2355e82f.png","images/24/11/25/22-29-58-063ade18e92fb476acf618aa2355e82f-image-20241125222958336-acbdb3.png","images/20241125222958336-063ade18e92fb476acf618aa2355e82f.png","path-name","name"
"images/24/11/25/22-30-10-ff668f15316f3e9057c44f1a373a673c-image-20241125223009996-8523b7.png","images/20241125223009996-ff668f15316f3e9057c44f1a373a673c.png","images/24/11/25/22-30-10-ff668f15316f3e9057c44f1a373a673c-image-20241125223009996-8523b7.png","images/20241125223009996-ff668f15316f3e9057c44f1a373a673c.png","path-name","name"
"images/24/11/25/22-44-33-856da656071081daba1d4510d6fc5c42-image-20241125224432965-109078.png","images/20241125224432965-856da656071081daba1d4510d6fc5c42.png","images/24/11/25/22-44-33-856da656071081daba1d4510d6fc5c42-image-20241125224432965-109078.png","images/20241125224432965-856da656071081daba1d4510d6fc5c42.png","path-name","name"
"images/24/11/25/22-49-35-4a63928ef0a8f1d9981d114dc73311f2-image-20241125224935820-8aad07.png","images/20241125224935820-4a63928ef0a8f1d9981d114dc73311f2.png","images/24/11/25/22-49-35-4a63928ef0a8f1d9981d114dc73311f2-image-20241125224935820-8aad07.png","images/20241125224935820-4a63928ef0a8f1d9981d114dc73311f2.png","path-name","name"
"images/24/11/25/22-56-58-850dd14746c719f4df6c9965b0e83756-image-20241125225658277-129dde.png","images/20241125225658277-850dd14746c719f4df6c9965b0e83756.png","images/24/11/25/22-56-58-850dd14746c719f4df6c9965b0e83756-image-20241125225658277-129dde.png","images/20241125225658277-850dd14746c719f4df6c9965b0e83756.png","path-name","name"
"images/24/11/27/15-29-48-4c12a6c830957e784fbad0c648fe578c-image-20241127152948752-5ec055.png","images/20241127152948752-4c12a6c830957e784fbad0c648fe578c.png","images/24/11/27/15-29-48-4c12a6c830957e784fbad0c648fe578c-image-20241127152948752-5ec055.png","images/20241127152948752-4c12a6c830957e784fbad0c648fe578c.png","path-name","name"
"images/24/11/27/15-31-41-4f65f94b6cfefa6f14ce7785ce3c0df5-image-20241127153141333-67ed7a.png","images/20241127153141333-4f65f94b6cfefa6f14ce7785ce3c0df5.png","images/24/11/27/15-31-41-4f65f94b6cfefa6f14ce7785ce3c0df5-image-20241127153141333-67ed7a.png","images/20241127153141333-4f65f94b6cfefa6f14ce7785ce3c0df5.png","path-name","name"
"images/24/11/27/15-32-09-26e86e5cf16ebba54d5e57c3b3b49631-image-20241127153209470-d25a37.png","images/20241127153209470-26e86e5cf16ebba54d5e57c3b3b49631.png","images/24/11/27/15-32-09-26e86e5cf16ebba54d5e57c3b3b49631-image-20241127153209470-d25a37.png","images/20241127153209470-26e86e5cf16ebba54d5e57c3b3b49631.png","path-name","name"
"images/24/11/27/15-32-35-9e4f0361cb1e88c0eef6af42d92d6e80-image-20241127153235886-95313b.png","images/20241127153235886-9e4f0361cb1e88c0eef6af42d92d6e80.png","images/24/11/27/15-32-35-9e4f0361cb1e88c0eef6af42d92d6e80-image-20241127153235886-95313b.png","images/20241127153235886-9e4f0361cb1e88c0eef6af42d92d6e80.png","path-name","name"
"images/24/11/30/16-50-13-3dff0fbf5b5934a2007e8f7dcd66a072-1732955451642-7a94d8.jpg","images/20241130165013000-3dff0fbf5b5934a2007e8f7dcd66a072.jpg","images/24/11/30/16-50-13-3dff0fbf5b5934a2007e8f7dcd66a072-1732955451642-7a94d8.jpg","images/20241130165013000-3dff0fbf5b5934a2007e8f7dcd66a072.jpg","path-name","name"
"images/24/12/01/12-42-55-b15c0b9560cc382eaf7c233208f1428d-image-20241201124255095-61e5c5.png","images/20241201124255095-b15c0b9560cc382eaf7c233208f1428d.png","images/24/12/01/12-42-55-b15c0b9560cc382eaf7c233208f1428d-image-20241201124255095-61e5c5.png","images/20241201124255095-b15c0b9560cc382eaf7c233208f1428d.png","path-name","name"
"images/陈一发儿.jpg","images/20260812021356000-3ef0902537b008a3ec27dd0d9152f7a5.jpg","images/陈一发儿.jpg","images/20260812021356000-3ef0902537b008a3ec27dd0d9152f7a5.jpg","mtime","md5"
"images/C2C/2022/06/05/17-29-35-c4d9214a4a70788ac37f48832df27a8a-C4D9214A4A70788AC37F48832DF27A8A-b7aad2.jpg","images/20220605172935000-c4d9214a4a70788ac37f48832df27a8a.jpg","images/C2C/2022/06/05/17-29-35-c4d9214a4a70788ac37f48832df27a8a-C4D9214A4A70788AC37F48832DF27A8A-b7aad2.jpg","images/20220605172935000-c4d9214a4a70788ac37f48832df27a8a.jpg","path-name","name"
"images/C2C/2022/06/06/12-38-52-be6a720875fd6283ca0ef2afa88f860a-BE6A720875FD6283CA0EF2AFA88F860A-192583.png","images/20220606123852000-be6a720875fd6283ca0ef2afa88f860a.png","images/C2C/2022/06/06/12-38-52-be6a720875fd6283ca0ef2afa88f860a-BE6A720875FD6283CA0EF2AFA88F860A-192583.png","images/20220606123852000-be6a720875fd6283ca0ef2afa88f860a.png","path-name","name"
"images/seeing.jpg","images/20260812021356000-e73ddaf2b14a4640dba53ef8e5c3b140.jpg","images/seeing.jpg","images/20260812021356000-e73ddaf2b14a4640dba53ef8e5c3b140.jpg","mtime","md5"
"images/typora-user-images/2022/05/29/20-33-52-932c5b8aebf193a781c2d648cac9d2e7-image-20220529203352018-3b20a7.png","images/20220529203352018-932c5b8aebf193a781c2d648cac9d2e7.png","images/typora-user-images/2022/05/29/20-33-52-932c5b8aebf193a781c2d648cac9d2e7-image-20220529203352018-3b20a7.png","images/20220529203352018-932c5b8aebf193a781c2d648cac9d2e7.png","path-name","name"
"images/typora-user-images/2022/05/29/20-35-50-932c5b8aebf193a781c2d648cac9d2e7-image-20220529203352018-f56fa3.png","images/20220529203352018-932c5b8aebf193a781c2d648cac9d2e7-2.png","images/typora-user-images/2022/05/29/20-35-50-932c5b8aebf193a781c2d648cac9d2e7-image-20220529203352018-f56fa3.png","images/20220529203352018-932c5b8aebf193a781c2d648cac9d2e7-2.png","path-name","name"
"images/typora-user-images/2022/05/29/20-40-06-c7171389388dba693b0911c727c5a73b-image-20220529204005923-b59d88.png","images/20220529204005923-c7171389388dba693b0911c727c5a73b.png","images/typora-user-images/2022/05/29/20-40-06-c7171389388dba693b0911c727c5a73b-image-20220529204005923-b59d88.png","images/20220529204005923-c7171389388dba693b0911c727c5a73b.png","path-name","name"
"images/typora-user-images/2022/05/29/20-42-55-427af647639085ee81e80785b7d23300-image-20220529204255007-256311.png","images/20220529204255007-427af647639085ee81e80785b7d23300.png","images/typora-user-images/2022/05/29/20-42-55-427af647639085ee81e80785b7d23300-image-20220529204255007-256311.png","images/20220529204255007-427af647639085ee81e80785b7d23300.png","path-name","name"
"images/typora-user-images/2022/05/30/08-38-54-21cbc13d361744f699eaf418c03fca24-image-20220530083854344-682d63.png","images/20220530083854344-21cbc13d361744f699eaf418c03fca24.png","images/typora-user-images/2022/05/30/08-38-54-21cbc13d361744f699eaf418c03fca24-image-20220530083854344-682d63.png","images/20220530083854344-21cbc13d361744f699eaf418c03fca24.png","path-name","name"
"images/Typora/typora-user-images/2022/05/29/20-31-00-110e9992aa623af1687159abf5f88d68-image-20220529203059587-4a17cd.png","images/20220529203059587-110e9992aa623af1687159abf5f88d68.png","images/Typora/typora-user-images/2022/05/29/20-31-00-110e9992aa623af1687159abf5f88d68-image-20220529203059587-4a17cd.png","images/20220529203059587-110e9992aa623af1687159abf5f88d68.png","path-name","name"
